Sample_ID,Picogreen,Negative,Exp_ID,Replicate,Treatment,CopyNum,CopyNum_norm,HH,Tot,HH_norm
01,116.4606637,FALSE,1.564,1,CL,2023472874,598438713,4797,79,60.72151899
02,106.200003,FALSE,1.44,1,CL,1327310812,448792233,7083,79,89.65822785
03,135.1636402,FALSE,1.43,1,CL,642972176,207187203,6177,79,78.18987342
04,48.9567727,FALSE,1.158,1,CL,588598421,380415245,6702,79,84.83544304
05,112.4213403,FALSE,1.244,1,CL,1250272782,319229290,3509,79,44.41772152
06,82.24980259,FALSE,1.242,1,CL,4987766509,1133196670,2336,79,29.56962025
07,79.90760114,FALSE,1.347,1,CL,677287861,293514093,4112,79,52.05063291
08,66.13147355,FALSE,1.353,1,CL,653826110,566507378,5260,79,66.58227848
09,135.4017568,FALSE,1.139,1,CL,1905303070,487281975,4123,79,52.18987342
10,81.70429911,FALSE,1.575,1,CL,4367851024,991095751,1763,79,22.3164557
11,147.7881493,FALSE,2.113,1,MD,297933439,38149180,3617,82,44.1097561
12,5.745104118,FALSE,2.665,1,MD,1649042,2454303,5257,82,64.1097561
13,140.4541581,FALSE,2.207,1,MD,112433629,165618068,23,82,0.280487805
14,2.645258942,FALSE,2.42,1,MD,1770092,2777208,2739,82,33.40243902
15,75.92023045,FALSE,2.394,1,MD,207119875,71683588,5374,82,65.53658537
16,39.44509692,FALSE,2.245,1,MD,54246290,92338209,3983,82,48.57317073
17,136.6269749,FALSE,2.217,1,MD,1460165347,562132923,66,82,0.804878049
18,141.5148593,FALSE,2.66,1,MD,813710937,353405798,3766,82,45.92682927
19,134.6311249,FALSE,2.140,1,MD,33989204,25573575,1057,82,12.8902439
20,95.99129503,FALSE,2.202,1,MD,23344380,23425919,4226,82,51.53658537
21,0.147199352,TRUE,blank1,1,blank,NA,NA,NA,NA,NA
22,141.5062005,FALSE,3.227,2,CL,1154146661,968122274,9972,90,110.8
23,126.5481487,FALSE,3.262,2,CL,1098908778,1307072786,11119,90,123.5444444
24,114.9626939,FALSE,3.604,2,CL,346984875,503554801,10433,90,115.9222222
25,142.5279372,FALSE,3.237,2,CL,1113466243,713689479,10365,90,115.1666667
26,141.08192,FALSE,3.929,2,CL,1496200296,950576125,8807,90,97.85555556
27,149.4463067,FALSE,3.238,2,CL,3327468093,1091012090,7173,90,79.7
28,146.6235427,FALSE,3.114,2,CL,600309227,822587689,6716,90,74.62222222
29,138.3544026,FALSE,3.217,2,CL,391956189,612302475,13586,90,150.9555556
30,46.26389043,FALSE,3.161,2,CL,4685988475,1517707340,8047,90,89.41111111
31,74.18847337,FALSE,3.66,2,CL,748643601,832274983,NA,90,NA
32,0.883196112,FALSE,4.604,2,MD,361007,83066,4841,89,54.39325843
33,30.30141953,FALSE,4.437,2,MD,7474893,2755389,5494,89,61.73033708
34,3.0002691440000002,FALSE,4.114,2,MD,1233391,1293502,9607,89,107.9438202
35,0.684044047,FALSE,4.610,2,MD,205806,311044,9158,89,102.8988764
36,0.545503481,FALSE,4.390,2,MD,184731,405039,8995,89,101.0674157
37,2.788128901,FALSE,4.48,2,MD,105571,29076,6591,89,74.05617978
38,54.06112669,FALSE,4.262,2,MD,135636631,28091360,NA,89,NA
39,0.489221376,FALSE,4.353,2,MD,134762,298897,6847,89,76.93258427
40,1.069359998,FALSE,4.209,2,MD,458795,322374,5690,89,63.93258427
41,0.89618429,FALSE,4.576,2,MD,1146279,2982034,6848,89,76.94382022
42,0.116893603,TRUE,blank2,2,blank,NA,NA,NA,NA,NA
43,1.939567931,FALSE,5.191,3,MD,558568,3063674,7392,84,88
44,0.909172468,FALSE,5.607,3,MD,615909,616355,5931,84,70.60714286
45,0.186163886,FALSE,5.196,3,MD,246927,449109,5398,84,64.26190476
46,153.2345254,FALSE,5.7,3,MD,208608801,38200746,2963,84,35.27380952
47,0.930819431,FALSE,5.148,3,MD,370001,191146,5998,84,71.4047619
48,5.736445333,FALSE,5.25,3,MD,1490245,819643,6634,84,78.97619048
49,1.415711414,FALSE,5.54,3,MD,730727,200604,5604,84,66.71428571
50,37.71766924,FALSE,5.610,3,MD,207858340,230738249,6392,84,76.0952381
51,0.428609878,FALSE,5.212,3,MD,154052,201331,6270,84,74.64285714
52,0.450256841,FALSE,5.556,3,MD,264519,191313,NA,84,NA
53,156.637428,FALSE,6.170,3,CL,6511019698,804056115,5080,77,65.97402597
54,159.1095113,FALSE,6.124,3,CL,5154960241,1336482366,5508,77,71.53246753
55,58.3299079,FALSE,6.560,3,CL,209784813,373005583,10248,77,133.0909091
56,139.9432898,FALSE,6.229,3,CL,4088409370,1779453407,6501,77,84.42857143
57,148.9700735,FALSE,6.458,3,CL,475089037,800507819,10608,77,137.7662338
58,141.8958459,FALSE,6.263,3,CL,741745886,681405667,8709,77,113.1038961
59,154.5376726,FALSE,6.99,3,CL,971587838,812337214,11751,77,152.6103896
60,147.1214229,FALSE,6.518,3,CL,336295307,808092007,10042,77,130.4155844
61,150.1476684,FALSE,6.390,3,CL,1782107031,1262315080,6826,77,88.64935065
62,87.74380193,FALSE,6.600,3,CL,437169906,490808579,9193,77,119.3896104
63,0.428609878,TRUE,blank3,3,blank,NA,NA,NA,NA,NA
64,113.6811936,FALSE,7.63,4,CL,609953461,1301533897,NA,94,NA
65,148.4851816,FALSE,7.202,4,CL,819326487,818733762,8905,94,94.73404255
66,133.2630368,FALSE,7.237,4,CL,986790837,1409288246,9604,94,102.1702128
67,141.7702935,FALSE,7.217,4,CL,583411639,746617440,6220,94,66.17021277
68,136.6183162,FALSE,7.356,4,CL,862791418,1246872729,7136,94,75.91489362
69,136.4711168,FALSE,7.209,4,CL,190674463,443971543,8522,94,90.65957447
70,144.5194578,FALSE,7.82,4,CL,388472110,461173914,7496,94,79.74468085
71,132.3755113,FALSE,7.40,4,CL,221254698,450907070,7428,94,79.0212766
72,83.00744631,FALSE,7.85,4,CL,889030078,818583946,7356,94,78.25531915
73,137.4971829,FALSE,7.265,4,CL,178162872,410585422,5688,94,60.5106383
74,1.238206313,FALSE,8.356,4,MD,372196,780059,6343,89,71.26966292
75,0.311716275,FALSE,8.7,4,MD,309382,530219,2781,89,31.24719101
76,0.930819431,FALSE,8.9,4,MD,135116,93757,5629,89,63.24719101
77,0.428609878,FALSE,8.170,4,MD,330742,835006,5531,89,62.14606742
78,0.506538946,FALSE,8.669,4,MD,327895,646284,6606,89,74.2247191
79,0.757643723,FALSE,8.620,4,MD,81796,19679,NA,89,NA
80,0.212140242,FALSE,8.158,4,MD,82910,354869,5219,89,58.64044944
81,1.541263803,FALSE,8.70,4,MD,791540,590306,6177,89,69.40449438
82,1.147289067,FALSE,8.476,4,MD,519970,1649234,4016,89,45.12359551
83,0.822584614,FALSE,8.2,4,MD,652379,2273779,6087,89,68.39325843
84,0.298728097,TRUE,blank4,4,blank,NA,NA,NA,NA,NA
85,5.563269624,FALSE,9.175,5,MD,2671313,3415332,5926,95,62.37894737
86,0.766302509,FALSE,9.59,5,MD,899938,1353346,6829,95,71.88421053
87,2.246954813,FALSE,9.458,5,MD,485315,737990,5952,95,62.65263158
88,0.982772144,FALSE,9.394,5,MD,1013184,3041892,5421,95,57.06315789
89,1.926579753,FALSE,9.63,5,MD,1811056,1344904,5882,95,61.91578947
90,1.922250361,FALSE,9.614,5,MD,878776,1470173,4944,95,52.04210526
91,1.181924208,FALSE,9.250,5,MD,934327,768632,5873,95,61.82105263
92,5.693151406,FALSE,9.55,5,MD,2570165,746425,5738,95,60.4
93,1.060701212,FALSE,9.5,5,MD,967791,723267,6368,95,67.03157895
94,0.671055869,FALSE,9.49,5,MD,870947,1975788,6768,95,71.24210526
95,135.6961555,FALSE,10.124,5,CL,1767969777,1046769881,7198,93,77.39784946
96,108.0616419,FALSE,10.81,5,CL,409134808,671747297,6158,93,66.21505376
97,27.60853727,FALSE,10.268,5,CL,534235046,457595153,5242,93,56.3655914
98,24.85071412,FALSE,10.599,5,CL,731584250,609946518,4849,93,52.13978495
99,83.89497182,FALSE,10.127,5,CL,628197974,669290675,6857,93,73.7311828
100,55.05688701,FALSE,10.242,5,CL,1972704891,1031391847,6662,93,71.6344086
101,65.01016084,FALSE,10.580,5,CL,1223406075,803269139,6573,93,70.67741935
102,77.09349588,FALSE,10.260,5,CL,697022487,496939826,5972,93,64.21505376
103,61.42975308,FALSE,10.158,5,CL,2077621034,1665751838,6451,93,69.3655914
104,36.89075523,FALSE,10.42,5,CL,566535085,953890061,4622,93,49.69892473
105,0.086587854,TRUE,blank5,5,blank,NA,NA,NA,NA,NA
106,27.36176189,FALSE,11.564,6,MD,105826816,127510019,NA,80,NA
107,63.07059291,FALSE,11.148,6,MD,72404080,76459761,3279,80,40.9875
108,47.4111795,FALSE,11.115,6,MD,35013160,29796127,4894,80,61.175
109,66.83283517,FALSE,11.113,6,MD,101626655,55970744,4812,80,60.15
110,6.16505521,FALSE,11.492,6,MD,10993814,10896787,3315,80,41.4375
111,128.3275291,FALSE,11.135,6,MD,1254302861,304551470,2619,80,32.7375
112,83.76941943,FALSE,11.5,6,MD,229707440,77633592,7621,80,95.2625
113,29.07187201,FALSE,11.82,6,MD,139652390,43901298,2277,80,28.4625
114,39.64424899,FALSE,11.142,6,MD,244328555,79339544,4293,80,53.6625
115,8.429327594,FALSE,11.85,6,MD,30172531,48647405,5217,80,65.2125
116,118.7032892,FALSE,12.202,6,CL,1261401741,1646582605,8327,76,109.5657895
117,111.1095344,FALSE,12.665,6,CL,3311524700,892918907,3100,76,40.78947368
118,80.37517555,FALSE,12.135,6,CL,872534274,549132444,5761,76,75.80263158
119,126.0892331,FALSE,12.117,6,CL,1887656379,724560029,3803,76,50.03947368
120,88.86511464,FALSE,12.27,6,CL,400098149,407049798,5314,76,69.92105263
121,56.77132653,FALSE,12.209,6,CL,1154241936,894264492,8143,76,107.1447368
122,40.71793838,FALSE,12.50,6,CL,1416182567,390354843,3769,76,49.59210526
123,28.29691071,FALSE,12.215,6,CL,1247213190,1694127435,10338,76,136.0263158
124,70.21842026,FALSE,12.227,6,CL,512089399,902057817,10229,76,134.5921053
125,87.2892157,FALSE,12.229,6,CL,1296056893,959656133,8849,76,116.4342105
126,0.342022024,TRUE,blank6,6,blank,NA,NA,NA,NA,NA
127,73.26198333,FALSE,13.114,7,MD,107695297,117066103,5796,91,63.69230769
128,2.311895704,FALSE,13.433,7,MD,4121039,14204254,8461,91,92.97802198
129,43.26362129,FALSE,13.356,7,MD,102769350,36545559,11122,91,122.2197802
130,18.26137842,FALSE,13.52,7,MD,17002367,11126666,8528,91,93.71428571
131,32.40550439,FALSE,13.395,7,MD,9948960,17939648,10209,91,112.1868132
132,10.13510832,FALSE,13.25,7,MD,4787062,6776006,6289,91,69.10989011
133,68.43038108,FALSE,13.215,7,MD,17673171,44772558,6480,91,71.20879121
134,29.38791767,FALSE,13.81,7,MD,37727825,91619469,9048,91,99.42857143
135,32.02451783,FALSE,13.475,7,MD,44774255,43166195,8783,91,96.51648352
136,11.9274769,FALSE,13.324,7,MD,6904251,15197505,9266,91,101.8241758
137,141.0559437,FALSE,14.475,7,CL,1896042521,1469901310,4136,73,56.65753425
138,49.30312411,FALSE,14.65,7,CL,564958310,410960289,5263,73,72.09589041
139,51.72758403,FALSE,14.220,7,CL,435737870,937072564,4455,73,61.02739726
140,29.6693282,FALSE,14.458,7,CL,345017402,354031654,5977,73,81.87671233
141,119.1795224,FALSE,14.43,7,CL,291187723,446520696,5174,73,70.87671233
142,124.2492412,FALSE,14.262,7,CL,476075684,953939747,4087,73,55.98630137
143,43.14672769,FALSE,14.4,7,CL,903837585,620085229,6218,73,85.17808219
144,34.04634422,FALSE,14.342,7,CL,1184670860,1283823678,7281,73,99.73972603
145,141.0905788,FALSE,14.173,7,CL,729070054,370614545,3619,73,49.57534247
146,146.1949328,FALSE,14.219,7,CL,361333213,1230902733,5415,73,74.17808219
147,0.333363238,TRUE,blank7,7,blank,NA,NA,NA,NA,NA
148,1.865968255,FALSE,15.170,8,MD,1131121,426100,1196,79,15.13924051
149,0.346351416,FALSE,15.665,8,MD,381099,1178131,5078,79,64.27848101
150,0.844231577,FALSE,15.14,8,MD,367718,1310532,5634,79,71.3164557
151,0.303057489,FALSE,15.212,8,MD,444761,780368,6484,79,82.07594937
152,0.554162266,FALSE,15.113,8,MD,562806,2622804,9587,79,121.3544304
153,1.225218135,FALSE,15.475,8,MD,884702,548730,8509,79,107.7088608
154,0.623432549,FALSE,15.91,8,MD,675937,452493,9043,79,114.4683544
155,0.316045667,FALSE,15.60,8,MD,607911,981835,5044,79,63.84810127
156,0.64075012,FALSE,15.62,8,MD,286512,770009,4506,79,57.03797468
157,0.64075012,FALSE,15.647,8,MD,497237,882700,7066,79,89.44303797
158,128.8687032,FALSE,16.308,8,CL,1325906028,931630813,6990,88,79.43181818
159,122.7945653,FALSE,16.126,8,CL,990206906,965594159,7495,88,85.17045455
160,64.70277396,FALSE,16.57,8,CL,1323040620,602547849,6803,88,77.30681818
161,121.4308066,FALSE,16.530,8,CL,281711237,474272707,7804,88,88.68181818
162,147.3811864,FALSE,16.139,8,CL,1124166343,441483247,8379,88,95.21590909
163,46.5799361,FALSE,16.114,8,CL,292548697,316439559,6407,88,72.80681818
164,48.49785707,FALSE,16.120,8,CL,1087902160,1519228933,8189,88,93.05681818
165,161.4517127,FALSE,16.40,8,CL,1656555465,797354457,5004,88,56.86363636
166,148.3812761,FALSE,16.55,8,CL,1319278124,588911334,4766,88,54.15909091
167,96.61039819,FALSE,16.278,8,CL,235093743,293216053,8449,88,96.01136364
168,0.419951092,TRUE,blank8,8,blank,NA,NA,NA,NA,NA
169,0.445927448,FALSE,17.600,9,MD,162621,92393,4655,93,50.05376344
170,66.02756813,FALSE,17.250,9,MD,52317787,57999664,3433,93,36.91397849
171,0.536844695,FALSE,17.331,9,MD,960654,1110761,4872,93,52.38709677
172,0.627761942,FALSE,17.298,9,MD,440351,1580363,5541,93,59.58064516
173,1.043383642,FALSE,17.262,9,MD,532003,373436,4988,93,53.6344086
174,1.333452953,FALSE,17.72,9,MD,692800,647342,4391,93,47.21505376
175,1.814015543,FALSE,17.135,9,MD,593126,391923,4528,93,48.68817204
176,0.671055869,FALSE,17.220,9,MD,269311,991616,6063,93,65.19354839
177,0.748984938,FALSE,17.117,9,MD,536443,712428,5711,93,61.40860215
178,0.718679189,FALSE,17.192,9,MD,986033,1524042,7700,93,82.79569892
179,78.0892562,FALSE,18.30,9,CL,310413914,581308384,3527,74,47.66216216
180,39.07276915,FALSE,18.299,9,CL,564282169,874001685,6166,74,83.32432432
181,140.3242763,FALSE,18.173,9,CL,392796629,427082137,4626,74,62.51351351
182,35.62657256,FALSE,18.85,9,CL,371812616,1106806647,5701,74,77.04054054
183,105.0743609,FALSE,18.148,9,CL,381936045,844253273,3337,74,45.09459459
184,118.8937824,FALSE,18.262,9,CL,548488519,315377784,5071,74,68.52702703
185,48.72731488,FALSE,18.347,9,CL,1050830413,830224105,8043,74,108.6891892
186,128.3838112,FALSE,18.98,9,CL,2047879454,699497546,7124,74,96.27027027
187,110.3865258,FALSE,18.43,9,CL,1077920879,930100339,4649,74,62.82432432
188,132.8387563,FALSE,18.64,9,CL,475781311,451051726,8253,74,111.527027
189,0.316045667,TRUE,blank9,9,blank,NA,NA,NA,NA,NA
MOCK,83.4273974,FALSE,MOCK,NA,mock,NA,NA,NA,NA,NA
H2O_1,0.567150444,TRUE,H2O_1,NA,H2O,NA,NA,NA,NA,NA
H2O_3,0.043293927,TRUE,H2O_3,NA,H2O,NA,NA,NA,NA,NA
CLH_inoc,24.64723266,FALSE,CLH_inoculum,NA,inoculum,NA,NA,NA,NA,NA
H2O_2,0.350680809,TRUE,H2O_2,NA,H2O,NA,NA,NA,NA,NA
